gene_symbol	exon_id	chr_name	chr_size	chr_start	chr_end	exon_sequence	exon_size	strand
APAF1	18	chr12	133851895	99097148	99097277	CTTTTTGACATTCATACTAGTGGCCTATTGGGAGAAATCCACACGGGCCATCACAGCACCATCCAGTACTGTGACTTCTCCCCACAAAACCATTTGGCAGTGGTTGCTTTGTCCCAGTACTGTGTAGAG	129	+
CCNE1	9	chr19	59128983	30312902	30313037	GCCCTTAAGTGGCGTTTAAGTCCCCTGACTATTGTGTCCTGGCTGAATGTATACATGCAGGTTGCATATCTAAATGACTTACATGAAGTGCTACTGCCGCAGTATCCCCAGCAAATCTTTATACAGATTGCAGAG	135	+
CHEK2	8	chr22	51304566	29099492	29099554	CCTTGCATCATCAAGATTAAAAACTTTTTTGATGCAGAAGATTATTATATTGTTTTGGAATT	62	-
DIABLO	4	chr12	133851895	122702812	122702944	AAATCAGAGCCTCATTCCCTTAGTAGTGAAGCATTGATGAGGAGAGCAGTGTCTTTGGTAACAGATAGCACCTCTACCTTTCTCTCTCAGACCACATATGCGTTGATTGAAGCTATTACTGAATATACTAAG	132	-
FN1	24a (EDB)	chr2	243199373	216257653	216257926	AGGTGCCCCAACTCACTGACCTAAGCTTTGTTGATATAACCGATTCAAGCATCGGCCTGAGGTGGACCCCGCTAAACTCTTCCACCATTATTGGGTACCGCATCACAGTAGTTGCGGCAGGAGAAGGTATCCCTATTTTTGAAGATTTTGTGGACTCCTCAGTAGGATACTACACAGTCACAGGGCTGGAGCCGGGCATTGACTATGATATCAGCGTTATCACTCTCATTAATGGCGGCGAGAGTGCCCCTACTACACTGACACAACAAACGG	273	-
FN1	32a (EDA)	chr2	243199373	216245533	216245803	ACATTGATCGCCCTAAAGGACTGGCATTCACTGATGTGGATGTCGATTCCATCAAAATTGCTTGGGAAAGCCCACAGGGGCAAGTTTCCAGGTACAGGGTGACCTACTCGAGCCCTGAGGATGGAATCCATGAGCTATTCCCTGCACCTGATGGTGAAGAAGACACTGCAGAGCTGCAAGGCCTCAGACCGGGTTCTGAGTACACAGTCAGTGTGGTTGCCTTGCACGATGATATGGAGAGCCAGCCCCTGATTGGAACCCAGTCCACAG	270	-
MADD	16	chr11	135006516	47310518	47310578	TATTTGGGCTAAATACTCTAATGGAGATTGTTACTGAAGCCGGCCCCGGGAGTGGTGAAG	60	+
MAP3K7	11a	chr6	171115067	91254270	91254351	CCTATTCCAAGCCTAAACGGGGCCACCGTAAAACTGCTTCATTTGGCAACATTCTGGATGTCCCTGAGATCGTCATATCAG	81	-
MCL1	2	chr1	249250621	150550719	150550967	GCATGCTTCGGAAACTGGACATCAAAAACGAAGACGATGTGAAATCGTTGTCTCGAGTGATGATCCATGTTTTCAGCGACGGCGTAACAAACTGGGGCAGGATTGTGACTCTCATTTCTTTTGGTGCCTTTGTGGCTAAACACTTGAAGACCATAAACCAAGAAAGCTGCATCGAACCATTAGCAGAAAGTATCACAGACGTTCTCGTAAGGACAAAACGGGACTGGCTAGTTAAACAAAGAGGCTGG	248	-
MINK1	18	chr17	81195210	4795696	4795807	ACCTCGCAGCAACTCCGCCTGGCAAATCTATCTGCAAAGGCGGGCAGAGCGGGGCACCCCAAAGCCTCCAGGGCCCCCTGCTCAGCCCCCTGGCCCGCCCAACGCCTCTAG	111	+
NOTCH3	16	chr19	59128983	15295105	15295261	GCCCACGATGCCAGCAGGATGTGGACGAGTGTGCTGGCCCCGCACCCTGTGGCCCTCATGGTATCTGCACCAACCTGGCAGGGAGTTTCAGCTGCACCTGCCATGGAGGGTACACTGGCCCTTCCTGCGATCAGGACATCAATGACTGTGACCCCA	156	-
OLR1	5	chr12	133851895	10312945	10313061	GACTTCATCCAGCAAGCAATTTCCTATTCCAGTTTTCCATTCTGGATGGGGCTGTCTCGGAGGAACCCCAGCTACCCATGGCTCTGGGAGGACGGTTCTCCTTTGATGCCCCACTT	116	-
PAX6	5a	chr11	135006516	31823418	31823460	ACCCATGCAGATGCAAAAGTCCAAGTGCTGGACAATCAAAAC	42	-
